{"cameraMode":{"drawMode":0,"name":"Shaded","section":"Shading Mode"},"sceneLighting":true,"audioPlay":false,"sceneViewState":{"m_AlwaysRefresh":false,"showFog":true,"showSkybox":true,"showFlares":true,"showImageEffects":true,"showParticleSystems":true,"showVisualEffectGraphs":true,"m_FxEnabled":true},"in2DMode":false,"pivot":{"x":-205.41030883789063,"y":-62.49917221069336,"z":189.87506103515626},"rotation":{"x":-0.1096046194434166,"y":0.4042370617389679,"z":-0.048957981169223788,"w":-0.9069754481315613},"size":151.52447509765626,"orthographic":false}